"","day","actual"
"1",2020-06-26,245869.402857143
"2",2020-06-27,62909.6228571428
"3",2020-06-28,16577.8228571429
"4",2020-06-29,384434.022857143
"5",2020-06-30,516581.822857143
"6",2020-07-01,578985.422857143
"7",2020-07-02,494765.382857143
"8",2020-07-03,1340231.82285714
"9",2020-07-04,200755.142857143
"10",2020-07-05,1192.14285714286
"11",2020-07-06,1085716.32285714
"12",2020-07-07,708451.302857142
"13",2020-07-08,755631.742857143
"14",2020-07-09,722710.222857142
"15",2020-07-10,2910472.86285714
"16",2020-07-11,176647.782857143
"17",2020-07-12,5132.06285714286
"18",2020-07-13,1258423.06285714
"19",2020-07-14,604055.662857143
"20",2020-07-15,1450578.48285714
"21",2020-07-16,770210.262857143
"22",2020-07-17,3187690.84285714
"23",2020-07-18,204593.062857143
"24",2020-07-19,5716.86285714286
"25",2020-07-20,1562478.60285714
"26",2020-07-21,701282.742857143
"27",2020-07-22,784430.762857142
"28",2020-07-23,700597.982857143
"29",2020-07-24,3792202.00285714
"30",2020-07-25,168479.962857143
"31",2020-07-26,3441.24285714286
"32",2020-07-27,1976082.48285714
"33",2020-07-28,1160924.32285714
"34",2020-07-29,906085.482857143
"35",2020-07-30,1391355.58285714
"36",2020-07-31,5336692.46285714
"37",2020-08-01,171972.782857143
"38",2020-08-02,21038.6228571429
"39",2020-08-03,3790035.52285714
"40",2020-08-04,1360310.18285714
"41",2020-08-05,1421783.54285714
"42",2020-08-06,1814313.88285714
"43",2020-08-07,6506854.48285715
"44",2020-08-08,245861.582857143
"45",2020-08-09,29517.8828571429
"46",2020-08-10,3065823.62285714
"47",2020-08-11,970579.402857143
"48",2020-08-12,1242857.86285714
"49",2020-08-13,1444658.40285714
"50",2020-08-14,7066714.12285714
"51",2020-08-15,292406.222857143
"52",2020-08-16,5382.64285714286
"53",2020-08-17,4899672.78285714
"54",2020-08-18,1006026.10285714
"55",2020-08-19,1394471.34285714
"56",2020-08-20,2312830.04285714
"57",2020-08-21,7519788.94285714
"58",2020-08-22,413443.162857143
"59",2020-08-23,30127.1628571429
"60",2020-08-24,2972772.42285714
"61",2020-08-25,1661901.06285714
"62",2020-08-26,1804246.48285714
"63",2020-08-27,1609587.30285714
"64",2020-08-28,7515345.14285713
"65",2020-08-29,354378.702857143
"66",2020-08-30,35470.6028571428
"67",2020-08-31,4875506.60285714
"68",2020-09-01,3348544.84285714
"69",2020-09-02,1767301.40285714
"70",2020-09-03,2250807.58285714
"71",2020-09-04,7203039.84285713
"72",2020-09-05,458471.742857143
"73",2020-09-06,9711.18285714286
"74",2020-09-08,4159437.70285714
"75",2020-09-09,2042053.02285714
"76",2020-09-10,2581338.92285714
"77",2020-09-11,6367482.02285714
"78",2020-09-12,413490.082857143
"79",2020-09-13,52702.8228571429
"80",2020-09-14,3895571.86285714
"81",2020-09-15,4056504.74285714
"82",2020-09-16,2300708.02285714
"83",2020-09-17,2507902.32285714
"84",2020-09-18,8519739.48285715
"85",2020-09-19,500159.482857143
"86",2020-09-20,56513.5428571428
"87",2020-09-21,3684407.04285714
"88",2020-09-22,2125577.08285714
"89",2020-09-23,1786433.54285714
"90",2020-09-24,2457381.04285714
"91",2020-09-25,8246438.64285715
"92",2020-09-26,91192.8628571429
"93",2020-09-27,6611.74285714286
"94",2020-09-28,3458745.30285715
"95",2020-09-29,1702089.06285714
"96",2020-09-30,4237043.38285714
"97",2020-10-01,3812817.90285714
"98",2020-10-02,8505330.96285713
"99",2020-10-03,516607.322857143
"100",2020-10-04,57596.4428571429
"101",2020-10-05,3837524.68285714
"102",2020-10-06,1831677.00285714
"103",2020-10-07,1789637.36285714
"104",2020-10-08,2609742.52285714
"105",2020-10-09,8395503.82285716
"106",2020-10-10,520941.302857143
"107",2020-10-11,50435.0228571429
"108",2020-10-13,4013023.16285715
"109",2020-10-14,1992571.46285714
"110",2020-10-15,5357419.54285715
"111",2020-10-16,10640176.6828572
"112",2020-10-17,611349.342857143
"113",2020-10-18,35393.0828571429
"114",2020-10-19,4031098.58285715
"115",2020-10-20,2695869.96285714
"116",2020-10-21,2389965.16285714
"117",2020-10-22,3223295.98285715
"118",2020-10-23,9956674.34285716
"119",2020-10-24,619413.802857143
"120",2020-10-25,6258.48285714286
"121",2020-10-26,4216148.34285714
"122",2020-10-27,1852371.10285714
"123",2020-10-28,2428399.78285714
"124",2020-10-29,2869151.64285714
"125",2020-10-30,11911920.5028571
"126",2020-10-31,759637.282857143
"127",2020-11-01,79029.3628571429
"128",2020-11-02,5369833.62285714
"129",2020-11-03,2723271.24285714
"130",2020-11-04,2461704.82285714
"131",2020-11-05,3222472.16285714
"132",2020-11-06,9107165.64285714
"133",2020-11-07,495289.662857143
"134",2020-11-08,10676.4428571429
"135",2020-11-09,4233312.22285715
"136",2020-11-10,3291755.66285714
"137",2020-11-12,4897723.90285715
"138",2020-11-13,10125911.7228572
"139",2020-11-14,567068.422857143
"140",2020-11-15,66481.6628571429
"141",2020-11-16,7102996.20285714
"142",2020-11-17,2050924.64285714
"143",2020-11-18,2544878.68285714
"144",2020-11-19,2999737.48285714
"145",2020-11-20,11077202.8228572
"146",2020-11-21,662542.802857143
"147",2020-11-22,27459.5228571429
"148",2020-11-23,4530564.02285714
"149",2020-11-24,2206742.90285714
"150",2020-11-25,3146623.60285714
"151",2020-11-26,131101.382857143
"152",2020-11-27,11157040.6028572
"153",2020-11-28,678030.482857143
"154",2020-11-29,11496.1828571429
"155",2020-11-30,6879931.72285714
"156",2020-12-01,3632304.08285714
"157",2020-12-02,2311370.08285714
"158",2020-12-03,8462033.66285715
"159",2020-12-04,15609473.8828571
"160",2020-12-05,1632385.66285714
"161",2020-12-06,62267.0228571429
"162",2020-12-07,7216272.98285714
"163",2020-12-08,4398094.24285714
"164",2020-12-09,5265700.46285715
"165",2020-12-10,7181084.68285715
"166",2020-12-11,14574670.9628571
"167",2020-12-12,2136922.20285714
"168",2020-12-13,57592.0228571429
"169",2020-12-14,8860053.64285715
"170",2020-12-15,8252488.60285713
"171",2020-12-16,6610224.00285714
"172",2020-12-17,6384439.52285715
"173",2020-12-18,15565320.8028572
"174",2020-12-19,2446935.56285714
"175",2020-12-20,84976.9828571429
"176",2020-12-21,8698919.14285715
"177",2020-12-22,5562938.32285715
"178",2020-12-23,6056077.04285713
"179",2020-12-24,6789128.26285715
"180",2020-12-25,418748.182857143
"181",2020-12-26,915339.942857143
"182",2020-12-27,49918.2228571428
"183",2020-12-28,13822556.6228572
"184",2020-12-29,5590497.70285715
"185",2020-12-30,9219328.58285716
"186",2020-12-31,12895405.1828571
"187",2021-01-01,2395405.50285714
"188",2021-01-02,2368457.10285714
"189",2021-01-03,53871.4028571429
"190",2021-01-04,18152957.1028571
"191",2021-01-05,8769677.90285716
"192",2021-01-06,8383452.52285714
"193",2021-01-07,8526290.26285714
"194",2021-01-08,19749119.0628571
"195",2021-01-09,3068206.00285714
"196",2021-01-10,113731.122857143
"197",2021-01-11,9657824.20285714
"198",2021-01-12,6283458.84285715
"199",2021-01-13,6451726.54285715
"200",2021-01-14,6658105.52285715
"201",2021-01-15,22188962.8028571
"202",2021-01-16,2455500.16285714
"203",2021-01-17,29362.5028571429
"204",2021-01-18,3685241.06285714
"205",2021-01-19,7621513.54285713
"206",2021-01-20,8051551.66285714
"207",2021-01-21,8121353.66285713
"208",2021-01-22,17655011.1228571
"209",2021-01-23,2194290.06285714
"210",2021-01-24,42407.2828571428
"211",2021-01-25,8011323.88285714
"212",2021-01-26,6310016.24285715
"213",2021-01-27,6063917.78285715
"214",2021-01-28,7115650.66285714
"215",2021-01-29,18461267.0628571
"216",2021-01-30,2836058.42285715
"217",2021-01-31,101751.902857143
"218",2021-02-01,10750196.2628572
"219",2021-02-02,6633203.92285715
"220",2021-02-03,7620201.14285714
"221",2021-02-04,7343210.96285715
"222",2021-02-05,17422706.4628571
"223",2021-02-06,2213472.52285714
"224",2021-02-07,39512.1828571429
"225",2021-02-08,8581832.32285715
"226",2021-02-09,6110426.72285715
"227",2021-02-10,6176457.78285715
"228",2021-02-11,6794316.32285714
"229",2021-02-12,16467140.8828571
"230",2021-02-13,2120177.88285714
"231",2021-02-14,38941.6628571429
"232",2021-02-15,3350693.30285714
"233",2021-02-16,8544637.34285716
"234",2021-02-17,5671299.72285715
"235",2021-02-18,6780008.44285714
"236",2021-02-19,17658232.9628571
"237",2021-02-20,2217109.84285714
"238",2021-02-21,65921.3428571429
"239",2021-02-22,10008917.3828571
"240",2021-02-23,7341524.90285715
"241",2021-02-24,8080873.60285715
"242",2021-02-25,8736450.72285716
"243",2021-02-26,20177026.4028571
"244",2021-02-27,3245076.04285714
"245",2021-02-28,236883.202857143
"246",2021-03-01,12181969.2428571
"247",2021-03-02,8001887.86285715
"248",2021-03-03,10777789.6428571
"249",2021-03-04,9000980.58285714
"250",2021-03-05,18933724.6028572
"251",2021-03-06,2850162.30285714
"252",2021-03-07,62493.1228571429
"253",2021-03-08,9813306.88285714
"254",2021-03-09,7011604.88285716
"255",2021-03-10,7697468.18285715
"256",2021-03-11,7382708.76285715
"257",2021-03-12,18172959.6428571
"258",2021-03-13,3346025.10285714
"259",2021-03-14,112866.842857143
"260",2021-03-15,12870935.7228572
"261",2021-03-16,9973999.38285713
"262",2021-03-17,18454362.3428571
"263",2021-03-18,13580092.7628571
"264",2021-03-19,18862372.2028572
"265",2021-03-20,2639840.00285714
"266",2021-03-21,47416.8428571429
"267",2021-03-22,8484182.62285714
"268",2021-03-23,4972517.78285714
"269",2021-03-24,5622777.64285714
"270",2021-03-25,5128142.92285714
"271",2021-03-26,13330773.1428571
"272",2021-03-27,1715023.68285714
"273",2021-03-28,20217.5228571429
"274",2021-03-29,5569911.04285714
"275",2021-03-30,4824640.90285714
"276",2021-03-31,5780217.36285714
"277",2021-04-01,5848835.48285714
"278",2021-04-02,10070421.3428571
"279",2021-04-03,1359320.78285714
"280",2021-04-04,44621.0228571429
"281",2021-04-05,6468672.82285715
"282",2021-04-06,4584370.38285715
"283",2021-04-07,5565364.22285715
"284",2021-04-08,4719068.18285715
"285",2021-04-09,10102870.2628572
"286",2021-04-10,1481977.14285714
"287",2021-04-11,19970.3428571429
"288",2021-04-12,5366728.06285715
"289",2021-04-13,4038395.66285714
"290",2021-04-14,3959710.14285714
"291",2021-04-15,6001257.14285715
"292",2021-04-16,10889117.8828571
"293",2021-04-17,1249305.62285714
"294",2021-04-18,67393.5428571429
"295",2021-04-19,5100373.08285714
"296",2021-04-20,3867870.70285714
"297",2021-04-21,3972327.54285714
"298",2021-04-22,3793661.28285714
"299",2021-04-23,9375573.20285715
"300",2021-04-24,1409919.58285714
"301",2021-04-25,36184.2628571429
"302",2021-04-26,4727144.54285715
"303",2021-04-27,3501991.94285714
"304",2021-04-28,3743419.82285714
"305",2021-04-29,4271847.48285714
"306",2021-04-30,11166437.8628571
"307",2021-05-01,1369911.78285714
"308",2021-05-02,30123.4228571429
"309",2021-05-03,5827083.64285715
"310",2021-05-04,4019400.88285714
"311",2021-05-05,4433727.60285714
"312",2021-05-06,4212587.52285715
"313",2021-05-07,8662364.04285714
"314",2021-05-08,1119063.52285714
"315",2021-05-09,8140.38285714286
"316",2021-05-10,4864244.78285714
"317",2021-05-11,3532736.10285714
"318",2021-05-12,3740506.36285714
"319",2021-05-13,3778019.58285715
"320",2021-05-14,9612290.04285714
"321",2021-05-15,1281910.26285714
"322",2021-05-16,77755.0428571429
"323",2021-05-17,5429462.14285714
"324",2021-05-18,3916689.94285714
"325",2021-05-19,3829254.86285714
"326",2021-05-20,4457922.34285715
"327",2021-05-21,10083234.2428571
"328",2021-05-22,1041925.68285714
"329",2021-05-23,86255.7228571429
"330",2021-05-24,4552112.54285714
"331",2021-05-25,3678587.60285714
"332",2021-05-26,3852989.58285714
"333",2021-05-27,3591289.20285714
"334",2021-05-28,10225084.6228572
"335",2021-05-29,1002688.32285714
"336",2021-05-30,23307.1028571429
"337",2021-05-31,1168589.62285714
"338",2021-06-01,4882610.90285715
"339",2021-06-02,4357771.94285714
"340",2021-06-03,5738278.70285715
"341",2021-06-04,9484948.82285713
"342",2021-06-05,1089742.26285714
"343",2021-06-06,38442.8828571429
"344",2021-06-07,5113023.80285714
"345",2021-06-08,3923953.70285714
"346",2021-06-09,3554372.68285715
"347",2021-06-10,3838835.04285714
"348",2021-06-11,9324621.48285716
"349",2021-06-12,1351942.78285714
"350",2021-06-14,4192075.32285715
"351",2021-06-15,4646886.18285714
"352",2021-06-16,3699864.80285715
"353",2021-06-17,4310691.46285714
"354",2021-06-18,9446087.50285714
"355",2021-06-19,1097987.94285714
"356",2021-06-20,1664.74285714286
"357",2021-06-21,5051136.66285714
"358",2021-06-22,4748770.58285714
"359",2021-06-23,3832642.28285715
"360",2021-06-24,3920927.36285714
"361",2021-06-25,8475643.18285715
"362",2021-06-26,1984136.74285714
"363",2021-06-27,246352.882857143
"364",2021-06-28,5478131.44285714
"365",2021-06-29,4175804.62285714
"366",2021-06-30,5202802.16285714
"367",2021-07-01,5923836.08285713
"368",2021-07-02,9200202.90285714
"369",2021-07-03,1650665.42285714
"370",2021-07-04,149790.502857143
"371",2021-07-05,2016333.04285714
"372",2021-07-06,5207459.48285715
"373",2021-07-07,5030256.58285714
"374",2021-07-08,5537715.08285715
"375",2021-07-09,9149004.00285713
"376",2021-07-10,1790891.62285714
"377",2021-07-11,210955.142857143
"378",2021-07-12,5861627.98285714
"379",2021-07-13,4740181.50285714
"380",2021-07-14,5372797.06285714
"381",2021-07-15,6476376.54285714
"382",2021-07-16,9787923.16285715
"383",2021-07-17,2015221.92285714
"384",2021-07-18,274535.142857143
"385",2021-07-19,5531005.18285714
"386",2021-07-20,5668792.90285715
"387",2021-07-21,4497896.82285714
"388",2021-07-22,4874463.82285715
"389",2021-07-23,9561301.26285714
"390",2021-07-24,1984006.18285714
"391",2021-07-25,202425.222857143
"392",2021-07-26,5627623.66285714
"393",2021-07-27,4257753.46285714
"394",2021-07-28,4472013.98285714
"395",2021-07-29,4496637.46285714
"396",2021-07-30,9664806.44285715
"397",2021-07-31,1974238.32285714
"398",2021-08-01,261642.002857143
"399",2021-08-02,5799820.06285714
"400",2021-08-03,5858021.60285714
"401",2021-08-04,5482174.38285715
"402",2021-08-05,4446142.36285714
"403",2021-08-06,9361521.34285715
"404",2021-08-07,2008075.80285714
"405",2021-08-08,325029.222857143
"406",2021-08-09,5672799.46285715
"407",2021-08-10,4797430.70285714
"408",2021-08-11,4795732.40285714
"409",2021-08-12,4314521.22285714
"410",2021-08-13,9181602.52285714
"411",2021-08-14,2481203.14285714
"412",2021-08-15,369338.362857143
"413",2021-08-16,6572645.50285715
"414",2021-08-17,5533422.24285714
"415",2021-08-18,4868465.54285714
"416",2021-08-19,5442730.30285714
"417",2021-08-20,10147490.5028572
"418",2021-08-21,1878566.40285714
"419",2021-08-22,216833.062857143
"420",2021-08-23,5350004.14285714
"421",2021-08-24,4405463.74285714
"422",2021-08-25,4280895.90285714
"423",2021-08-26,4362720.64285714
"424",2021-08-27,9581333.38285716
"425",2021-08-28,1688261.94285714
"426",2021-08-29,122082.542857143
"427",2021-08-30,5611429.80285714
"428",2021-08-31,6027165.48285714
"429",2021-09-01,6944029.54285715
"430",2021-09-02,5268701.30285714
"431",2021-09-03,13309998.8028571
"432",2021-09-04,1958249.48285714
"433",2021-09-05,264389.882857143
"434",2021-09-06,1912217.56285714
"435",2021-09-07,5798462.10285714
"436",2021-09-08,5200347.02285715
"437",2021-09-09,5554435.94285714
"438",2021-09-10,9544220.34285716
"439",2021-09-11,2013171.04285714
"440",2021-09-12,143173.762857143
"441",2021-09-13,5029125.06285714
"442",2021-09-14,4603322.32285714
"443",2021-09-15,7471287.94285715
"444",2021-09-16,6545568.58285715
"445",2021-09-17,11089177.6228572
"446",2021-09-18,2151787.00285714
"447",2021-09-19,177782.362857143
"448",2021-09-20,5841729.82285715
"449",2021-09-21,4736303.46285714
"450",2021-09-22,4506030.30285714
"451",2021-09-23,4392750.12285714
"452",2021-09-24,9373909.24285714
"453",2021-09-25,1764380.12285714
"454",2021-09-26,218124.042857143
"455",2021-09-27,6155843.24285715
"456",2021-09-28,4410908.84285714
"457",2021-09-29,4280273.36285714
"458",2021-09-30,6222181.32285714
"459",2021-10-01,11057227.1428571
"460",2021-10-02,2330368.60285714
"461",2021-10-03,252206.662857143
"462",2021-10-04,6751550.10285714
"463",2021-10-05,5703643.92285714
"464",2021-10-06,4952141.24285714
"465",2021-10-07,5234879.46285715
"466",2021-10-08,12604601.4828571
"467",2021-10-09,1856353.52285714
"468",2021-10-10,150152.602857143
"469",2021-10-11,2582360.28285714
"470",2021-10-12,4460970.78285714
"471",2021-10-13,4228187.74285715
"472",2021-10-14,4545494.10285714
"473",2021-10-15,12808079.2428572
"474",2021-10-16,2317613.50285714
"475",2021-10-17,127141.402857143
"476",2021-10-18,6247703.42285715
"477",2021-10-19,4157176.70285714
"478",2021-10-20,5039766.04285714
"479",2021-10-21,5898555.72285714
"480",2021-10-22,10105421.9628572
"481",2021-10-23,1820226.48285714
"482",2021-10-24,152606.042857143
"483",2021-10-25,5847100.46285714
"484",2021-10-26,4812790.20285714
"485",2021-10-27,4107987.54285714
"486",2021-10-28,4983727.24285714
"487",2021-10-29,10322407.9228572
"488",2021-10-30,2044194.34285714
"489",2021-10-31,327960.702857143
"490",2021-11-01,6749223.82285715
"491",2021-11-02,5000048.26285714
"492",2021-11-03,5821348.86285715
"493",2021-11-04,4860547.62285715
"494",2021-11-05,10656639.4828572
"495",2021-11-06,1652971.98285714
"496",2021-11-07,219518.382857143
"497",2021-11-08,5315198.34285714
"498",2021-11-09,4529939.44285715
"499",2021-11-10,5395530.14285713
"500",2021-11-11,2940607.74285714
"501",2021-11-12,10298783.7028571
"502",2021-11-13,2111422.54285714
"503",2021-11-14,202828.122857143
"504",2021-11-15,7477140.02285715
"505",2021-11-16,5669892.80285715
"506",2021-11-17,4307210.88285714
"507",2021-11-18,4145697.62285714
"508",2021-11-19,9093082.16285714
"509",2021-11-20,1689403.66285714
"510",2021-11-21,243981.382857143
"511",2021-11-22,4811746.74285714
"512",2021-11-23,4056186.84285714
"513",2021-11-24,5949390.14285714
"514",2021-11-25,966060.122857142
"515",2021-11-26,8498660.16285715
"516",2021-11-27,1536768.14285714
"517",2021-11-28,251598.402857143
"518",2021-11-29,4817644.04285714
"519",2021-11-30,7431288.30285714
"520",2021-12-01,6472636.54285715
"521",2021-12-02,5070608.80285714
"522",2021-12-03,10770140.3228571
"523",2021-12-04,2208966.50285714
"524",2021-12-05,359316.522857143
"525",2021-12-06,6480783.28285714
"526",2021-12-07,4962000.90285714
"527",2021-12-08,4809159.68285714
"528",2021-12-09,4557659.64285714
"529",2021-12-10,10568429.2028572
"530",2021-12-11,1907669.04285714
"531",2021-12-12,187905.182857143
"532",2021-12-13,5241003.54285715
"533",2021-12-14,4408832.12285714
"534",2021-12-15,6280089.44285714
"535",2021-12-16,4394554.16285715
"536",2021-12-17,9464289.74285715
"537",2021-12-18,1755761.12285714
"538",2021-12-19,32724.4228571429
"539",2021-12-20,5449811.48285714
"540",2021-12-21,4343542.26285715
"541",2021-12-22,4695035.28285714
"542",2021-12-23,4744934.36285715
"543",2021-12-24,5328391.70285715
"544",2021-12-25,581634.022857143
"545",2021-12-26,242419.082857143
"546",2021-12-27,6286415.82285715
"547",2021-12-28,4900301.10285714
"548",2021-12-29,5247615.18285714
"549",2021-12-30,6670208.84285715
"550",2021-12-31,8258141.44285714
"551",2022-01-01,544792.302857143
"552",2022-01-02,217833.342857143
"553",2022-01-03,7109772.06285714
"554",2022-01-04,5524527.84285714
"555",2022-01-05,5705475.50285714
"556",2022-01-06,5698298.10285714
"557",2022-01-07,10781672.7828572
"558",2022-01-08,1800206.94285714
"559",2022-01-09,243104.182857143
"560",2022-01-10,5527556.90285714
"561",2022-01-11,5131110.78285715
"562",2022-01-12,4626813.94285715
"563",2022-01-13,4883525.84285715
"564",2022-01-14,13035073.4428571
"565",2022-01-15,1891194.34285714
"566",2022-01-16,289277.882857143
"567",2022-01-17,3168245.56285714
"568",2022-01-18,5435075.54285714
"569",2022-01-19,5295799.64285714
"570",2022-01-20,6617700.60285715
"571",2022-01-21,11215943.2228571
"572",2022-01-22,2650254.88285714
"573",2022-01-23,544801.142857143
"574",2022-01-24,5916326.16285714
"575",2022-01-25,4952574.06285714
"576",2022-01-26,4551557.66285715
"577",2022-01-27,4622132.82285715
"578",2022-01-28,11166599.3628571
"579",2022-01-29,1730439.28285714
"580",2022-01-30,224538.142857143
"581",2022-01-31,7149888.66285714
"582",2022-02-01,7145869.18285714
"583",2022-02-02,5283943.84285715
"584",2022-02-03,6719426.90285714
"585",2022-02-04,11531742.7028571
"586",2022-02-05,1836938.50285714
"587",2022-02-06,205655.562857143
"588",2022-02-07,6192663.88285714
"589",2022-02-08,4731801.86285714
"590",2022-02-09,5532251.62285715
"591",2022-02-10,4778429.80285714
"592",2022-02-11,8965974.86285715
"593",2022-02-12,1639701.78285714
"594",2022-02-13,277068.482857143
"595",2022-02-14,5115201.16285714
"596",2022-02-15,6670488.32285713
"597",2022-02-16,5029233.52285715
"598",2022-02-17,5307652.04285714
"599",2022-02-18,11576199.0628571
"600",2022-02-19,3163008.54285714
"601",2022-02-20,528961.902857143
"602",2022-02-21,3594612.70285715
"603",2022-02-22,6714238.84285715
"604",2022-02-23,5904309.88285714
"605",2022-02-24,12603064.3428571
"606",2022-02-25,14605596.6828572
"607",2022-02-26,3181933.62285714
"608",2022-02-27,362327.222857143
"609",2022-02-28,9088332.36285715
"610",2022-03-01,8449690.30285715
"611",2022-03-02,8399150.66285713
"612",2022-03-03,8093213.22285714
"613",2022-03-04,12560832.9428571
"614",2022-03-05,2130353.40285714
"615",2022-03-06,332164.462857143
"616",2022-03-07,6362115.46285714
"617",2022-03-08,5483738.04285714
"618",2022-03-09,6493442.50285715
"619",2022-03-10,5739440.14285714
"620",2022-03-11,10105996.9028571
"621",2022-03-12,2321949.52285714
"622",2022-03-13,335066.702857143
"623",2022-03-14,5222152.58285714
"624",2022-03-15,5952575.26285714
"625",2022-03-16,5619004.32285715
"626",2022-03-17,5563494.56285714
"627",2022-03-18,10461394.1428571
"628",2022-03-19,2163701.62285714
"629",2022-03-20,592832.262857143
"630",2022-03-21,6168470.50285714
"631",2022-03-22,5236927.28285714
"632",2022-03-23,5697707.18285714
"633",2022-03-24,4770964.76285714
"634",2022-03-25,10128155.3828571
"635",2022-03-26,1806023.66285714
"636",2022-03-27,318001.422857143
"637",2022-03-28,4928695.86285714
"638",2022-03-29,4364638.58285714
"639",2022-03-30,4816063.04285714
"640",2022-03-31,4860903.94285715
"641",2022-04-01,10755519.6428571
"642",2022-04-02,2028107.58285714
"643",2022-04-03,617226.582857143
"644",2022-04-04,6094498.06285714
"645",2022-04-05,5098884.56285715
"646",2022-04-06,5733994.02285714
"647",2022-04-07,4578350.00285714
"648",2022-04-08,9503028.32285714
"649",2022-04-09,1667943.54285714
"650",2022-04-10,213900.562857143
"651",2022-04-11,4715193.88285714
"652",2022-04-12,4353680.72285714
"653",2022-04-13,5470933.30285714
"654",2022-04-14,5263827.06285715
"655",2022-04-15,10921407.3428571
"656",2022-04-16,1868878.44285714
"657",2022-04-17,148829.322857143
"658",2022-04-18,5744188.58285715
"659",2022-04-19,4967841.08285714
"660",2022-04-20,5483849.56285714
"661",2022-04-21,4475961.72285714
"662",2022-04-22,9445682.56285715
"663",2022-04-23,1744528.88285714
"664",2022-04-24,264348.402857143
"665",2022-04-25,6090944.38285714
"666",2022-04-26,4668982.44285714
"667",2022-04-27,4882057.04285714
"668",2022-04-28,5029631.32285714
"669",2022-04-29,10654171.4228571
"670",2022-04-30,2118821.28285714
"671",2022-05-01,146133.462857143
"672",2022-05-02,6227934.46285714
"673",2022-05-03,6219661.24285714
"674",2022-05-04,5074932.92285714
"675",2022-05-05,5666509.80285714
"676",2022-05-06,9035668.74285713
"677",2022-05-07,1537004.10285714
"678",2022-05-08,166778.602857143
"679",2022-05-09,5297962.38285714
"680",2022-05-10,4838329.98285714
"681",2022-05-11,5155510.88285714
"682",2022-05-12,5320356.82285715
"683",2022-05-13,9631950.20285715
"684",2022-05-14,1807397.94285714
"685",2022-05-15,270665.602857143
"686",2022-05-16,6355713.94285715
"687",2022-05-17,4726511.12285715
"688",2022-05-18,4839947.70285714
"689",2022-05-19,5224645.80285715
"690",2022-05-20,10240591.3428571
"691",2022-05-21,2007237.02285714
"692",2022-05-22,351046.702857143
"693",2022-05-23,5870555.36285714
"694",2022-05-24,4410102.02285715
"695",2022-05-25,4967894.12285714
"696",2022-05-26,4364079.28285715
"697",2022-05-27,11269235.1628571
"698",2022-05-28,1961769.50285714
"699",2022-05-29,146635.982857143
"700",2022-05-30,1722626.08285714
"701",2022-05-31,6193062.02285714
"702",2022-06-01,6586256.72285714
"703",2022-06-02,5027186.04285714
"704",2022-06-03,11469416.9628571
"705",2022-06-04,1953600.66285714
"706",2022-06-05,235982.202857143
"707",2022-06-06,6021182.50285714
"708",2022-06-07,5097545.98285714
"709",2022-06-08,5086217.18285714
"710",2022-06-09,4502425.28285715
"711",2022-06-10,9378619.94285714
"712",2022-06-11,1849684.08285714
"713",2022-06-12,154607.962857143
"714",2022-06-13,4968800.56285715
"715",2022-06-14,4256941.88285715
"716",2022-06-15,5358722.76285714
"717",2022-06-16,4379289.52285714
"718",2022-06-17,11292151.5028571
"719",2022-06-18,1814361.82285714
"720",2022-06-19,160486.222857143
"721",2022-06-20,4075318.64285714
"722",2022-06-21,4013567.50285714
"723",2022-06-22,4771179.30285714
"724",2022-06-23,4098875.88285714
"725",2022-06-24,9840985.26285715
"726",2022-06-25,1728698.14285714
"727",2022-06-26,229854.382857143
"728",2022-06-27,5051672.16285714
"729",2022-06-28,4263712.64285714
"730",2022-06-29,3766107.34285714
"731",2022-06-30,6028307.54285714
"732",2022-07-01,12122208.8028572
"733",2022-07-02,2098383.20285714
"734",2022-07-03,153904.502857143
"735",2022-07-04,1298807.58285714
"736",2022-07-05,5283898.96285715
"737",2022-07-06,5914731.22285714
"738",2022-07-07,5073360.08285714
"739",2022-07-08,10340111.0428572
"740",2022-07-09,2249072.22285714
"741",2022-07-10,422021.362857143
"742",2022-07-11,5793083.30285714
"743",2022-07-12,4403600.54285714
"744",2022-07-13,3982543.52285715
"745",2022-07-14,5191077.94285714
"746",2022-07-15,11380996.5628571
"747",2022-07-16,1707757.20285714
"748",2022-07-17,324930.962857143
"749",2022-07-18,5457803.52285714
"750",2022-07-19,4219697.60285714
"751",2022-07-20,4770136.18285714
"752",2022-07-21,5547394.54285715
"753",2022-07-22,10388111.9028571
"754",2022-07-23,1840445.60285714
"755",2022-07-24,291943.822857143
"756",2022-07-25,5453428.40285715
"757",2022-07-26,3936897.50285714
"758",2022-07-27,4000438.06285714
"759",2022-07-28,3992618.06285714
"760",2022-07-29,8913258.20285713
"761",2022-07-30,2697500.94285714
"762",2022-07-31,490083.582857143
"763",2022-08-01,5847123.58285715
"764",2022-08-02,3995075.24285714
"765",2022-08-03,5637218.46285714
"766",2022-08-04,3772132.48285714
"767",2022-08-05,8724951.92285714
"768",2022-08-06,1698072.98285714
"769",2022-08-07,231346.302857143
"770",2022-08-08,4403952.10285714
"771",2022-08-09,4267629.10285714
"772",2022-08-10,3934885.04285714
"773",2022-08-11,4702883.16285714
"774",2022-08-12,6817764.76285714
"775",2022-08-13,1216743.48285714
"776",2022-08-14,66178.3828571429
"777",2022-08-15,4779420.22285714
"778",2022-08-16,3658591.18285715
"779",2022-08-17,4857483.88285714
"780",2022-08-18,4561965.74285714
"781",2022-08-19,9943038.98285715
"782",2022-08-20,1671286.76285714
"783",2022-08-21,209609.762857143
"784",2022-08-22,5772689.42285714
"785",2022-08-23,3878295.10285715
"786",2022-08-24,4087043.88285715
"787",2022-08-25,4194333.94285714
"788",2022-08-26,9384111.96285713
"789",2022-08-27,1545813.84285714
"790",2022-08-28,197305.162857143
"791",2022-08-29,5235724.36285714
"792",2022-08-30,4623941.96285714
"793",2022-08-31,6028040.30285714
"794",2022-09-01,6541303.28285714
"795",2022-09-02,12184924.8628571
"796",2022-09-03,2020359.32285714
"797",2022-09-04,310541.822857143
"798",2022-09-05,1718633.80285714
"799",2022-09-06,6095117.20285715
"800",2022-09-07,4846623.26285714
"801",2022-09-08,6843929.46285715
"802",2022-09-09,10479429.4428571
"803",2022-09-10,2238207.86285714
"804",2022-09-11,236035.242857143
"805",2022-09-12,5667639.96285715
"806",2022-09-13,4197313.02285714
"807",2022-09-14,3684227.52285714
"808",2022-09-15,5395901.08285714
"809",2022-09-16,9376819.98285713
"810",2022-09-17,1913259.32285714
"811",2022-09-18,134371.162857143
"812",2022-09-19,5477362.36285713
"813",2022-09-20,4458933.84285715
"814",2022-09-21,4382476.00285714
"815",2022-09-22,4245942.20285714
"816",2022-09-23,9763643.42285716
"817",2022-09-24,1525174.82285714
"818",2022-09-25,171396.822857143
"819",2022-09-26,5407432.86285715
"820",2022-09-27,3753516.46285714
"821",2022-09-28,4373373.18285714
"822",2022-09-29,4115205.06285715
"823",2022-09-30,12457125.1228571
"824",2022-10-01,2035738.54285714
"825",2022-10-02,199309.122857143
"826",2022-10-03,6444470.26285714
"827",2022-10-04,5609514.92285714
"828",2022-10-05,5675149.20285714
"829",2022-10-06,4772213.58285715
"830",2022-10-07,10727040.2228571
"831",2022-10-08,1892068.82285714
"832",2022-10-09,198406.762857143
"833",2022-10-10,2875463.40285714
"834",2022-10-11,3681622.78285714
"835",2022-10-12,5575238.84285714
"836",2022-10-13,4519736.38285714
"837",2022-10-14,9427063.82285715
"838",2022-10-15,2517287.00285714
"839",2022-10-16,292111.442857143
"840",2022-10-17,6699619.86285714
"841",2022-10-18,4106074.02285715
"842",2022-10-19,4922787.68285715
"843",2022-10-20,4746797.56285714
"844",2022-10-21,9740353.08285714
"845",2022-10-22,2094941.04285714
"846",2022-10-23,200700.742857143
"847",2022-10-24,4886601.14285714
"848",2022-10-25,4988232.24285714
"849",2022-10-26,4160724.60285714
"850",2022-10-27,4821287.48285714
"851",2022-10-28,9154657.18285714
"852",2022-10-29,1886588.02285714
"853",2022-10-30,295580.122857143
"854",2022-10-31,6359323.38285714
"855",2022-11-01,6586457.66285714
"856",2022-11-02,5357854.74285714
"857",2022-11-03,6450123.78285715
"858",2022-11-04,10060958.1228571
"859",2022-11-05,2167355.60285714
"860",2022-11-06,287981.802857143
"861",2022-11-07,5659041.36285715
"862",2022-11-08,4715774.60285714
"863",2022-11-09,4962380.00285714
"864",2022-11-10,5581888.56285714
"865",2022-11-11,4005413.28285714
"866",2022-11-12,1656663.02285714
"867",2022-11-13,161742.182857143
"868",2022-11-14,7808981.72285713
"869",2022-11-15,5600856.14285715
"870",2022-11-16,6174945.80285713
"871",2022-11-17,5686072.38285714
"872",2022-11-18,11591595.2828571
"873",2022-11-19,2107073.94285714
"874",2022-11-20,231759.402857143
"875",2022-11-21,6382238.70285714
"876",2022-11-22,5495587.38285714
"877",2022-11-23,6084362.32285715
"878",2022-11-24,976032.322857143
"879",2022-11-25,9574523.18285715
"880",2022-11-26,1718133.66285714
"881",2022-11-27,268714.682857143
"882",2022-11-28,6237938.62285714
"883",2022-11-29,5275345.92285714
"884",2022-11-30,6251218.00285714
"885",2022-12-01,6644404.88285714
"886",2022-12-02,9995193.96285715
"887",2022-12-03,1754576.22285714
"888",2022-12-04,395942.002857143
"889",2022-12-05,6273557.02285715
"890",2022-12-06,4795578.04285714
"891",2022-12-07,5559137.46285714
"892",2022-12-08,5022108.14285714
"893",2022-12-09,10555747.8828571
"894",2022-12-10,1781023.46285714
"895",2022-12-11,285024.822857143
"896",2022-12-12,5496769.90285714
"897",2022-12-13,4623550.62285714
"898",2022-12-14,4460888.50285714
"899",2022-12-15,5976874.38285714
"900",2022-12-16,9668586.56285714
"901",2022-12-17,2035861.28285714
"902",2022-12-18,277479.882857143
"903",2022-12-19,5979220.72285716
"904",2022-12-20,5157096.98285714
"905",2022-12-21,4625338.68285715
"906",2022-12-22,5299756.56285715
"907",2022-12-23,10528044.6828571
"908",2022-12-24,1507578.80285714
"909",2022-12-25,75921.7628571429
"910",2022-12-26,1552613.84285714
"911",2022-12-27,4757952.62285714
"912",2022-12-28,6393782.04285714
"913",2022-12-29,6856889.24285714
"914",2022-12-30,12893743.9428572
"915",2022-12-31,2282236.84285714
"916",2023-01-01,298958.702857143
"917",2023-01-02,3064739.70285714
"918",2023-01-03,6941885.84285715
"919",2023-01-04,6487421.44285713
"920",2023-01-05,7417048.42285714
"921",2023-01-06,11316544.8028571
"922",2023-01-07,2388286.92285714
"923",2023-01-08,320080.522857143
"924",2023-01-09,7526018.08285714
"925",2023-01-10,6529112.24285714
"926",2023-01-11,5835640.08285714
"927",2023-01-12,6100113.50285714
"928",2023-01-13,14110259.5228572
"929",2023-01-14,2657986.14285714
"930",2023-01-15,424630.862857143
"931",2023-01-16,2817428.80285714
"932",2023-01-17,5975099.24285714
"933",2023-01-18,6459065.10285714
"934",2023-01-19,7027844.30285714
"935",2023-01-20,13227304.6828572
"936",2023-01-21,3739924.62285714
"937",2023-01-22,441684.582857143
"938",2023-01-23,7061110.58285715
"939",2023-01-24,5663112.52285713
"940",2023-01-25,5380565.72285714
"941",2023-01-26,5937915.82285714
"942",2023-01-27,12625944.3028572
"943",2023-01-28,3165269.20285715
"944",2023-01-29,405862.862857143
"945",2023-01-30,7798022.16285713
"946",2023-01-31,7675330.44285714
"947",2023-02-01,8803046.52285714
"948",2023-02-02,6952142.62285714
"949",2023-02-03,12063325.2228571
"950",2023-02-04,2025136.32285714
"951",2023-02-05,325505.562857143
"952",2023-02-06,5910946.34285716
"953",2023-02-07,5158073.80285714
"954",2023-02-08,7341943.44285715
"955",2023-02-09,7813407.50285716
"956",2023-02-10,13696269.7428572
"957",2023-02-11,2567585.24285714
"958",2023-02-12,285216.242857143
"959",2023-02-13,6526171.58285715
"960",2023-02-14,5567615.36285714
"961",2023-02-15,6982316.26285714
"962",2023-02-16,8230700.72285714
"963",2023-02-17,16896608.8228571
"964",2023-02-18,2752481.32285714
"965",2023-02-19,361337.482857143
"966",2023-02-20,4751126.44285714
"967",2023-02-21,6735758.46285715
"968",2023-02-22,9385512.76285714
"969",2023-02-23,11676617.0428571
"970",2023-02-24,14130371.2028571
"971",2023-02-25,3093205.18285714
"972",2023-02-26,322955.222857143
"973",2023-02-27,8402860.40285715
"974",2023-02-28,10081655.6228571
"975",2023-03-01,8266068.54285714
"976",2023-03-02,7631004.98285714
"977",2023-03-03,13122747.8828571
"978",2023-03-04,2960809.86285714
"979",2023-03-05,342088.722857143
"980",2023-03-06,8505214.34285716
"981",2023-03-07,6943834.38285714
"982",2023-03-08,6182271.10285714
"983",2023-03-09,6049316.14285715
"984",2023-03-10,11954929.4828572
"985",2023-03-11,2663451.30285714
"986",2023-03-12,204795.702857143
"987",2023-03-13,6975241.88285714
"988",2023-03-14,5677304.80285714
"989",2023-03-15,8171859.30285714
"990",2023-03-16,6430374.20285714
"991",2023-03-17,12452375.6628572
"992",2023-03-18,2504066.10285714
"993",2023-03-19,353828.242857143
"994",2023-03-20,7250354.92285715
"995",2023-03-21,5600755.16285714
"996",2023-03-22,6366599.38285714
"997",2023-03-23,5844759.22285715
"998",2023-03-24,11141655.6028571
"999",2023-03-25,2421064.62285714
"1000",2023-03-26,345941.942857143
"1001",2023-03-27,6392854.52285714
"1002",2023-03-28,5582414.88285714
"1003",2023-03-29,5713960.20285714
"1004",2023-03-30,6540839.18285715
"1005",2023-03-31,12452835.3428571
"1006",2023-04-01,2331974.76285714
"1007",2023-04-02,223652.782857143
"1008",2023-04-03,8390554.10285714
"1009",2023-04-04,6347467.58285715
"1010",2023-04-05,6279378.50285715
"1011",2023-04-06,5776118.66285714
"1012",2023-04-07,10149783.8028572
"1013",2023-04-08,2239048.00285714
"1014",2023-04-09,192919.162857143
"1015",2023-04-10,6067037.96285716
"1016",2023-04-11,4937524.98285714
"1017",2023-04-12,5460308.98285714
"1018",2023-04-13,5887476.14285715
"1019",2023-04-14,11368642.3228571
"1020",2023-04-15,2811968.06285714
"1021",2023-04-16,352658.982857143
"1022",2023-04-17,7038125.56285715
"1023",2023-04-18,5133075.64285714
"1024",2023-04-19,5596203.92285714
"1025",2023-04-20,5682558.14285714
"1026",2023-04-21,10896903.2028571
"1027",2023-04-22,2351384.68285714
"1028",2023-04-23,167847.902857143
"1029",2023-04-24,5831976.58285714
"1030",2023-04-25,6118411.96285714
"1031",2023-04-26,5751901.48285715
"1032",2023-04-27,5422598.90285714
"1033",2023-04-28,11339436.6628571
"1034",2023-04-29,2315881.20285714
"1035",2023-04-30,428689.782857143
"1036",2023-05-01,8048422.30285714
"1037",2023-05-02,6506878.96285715
"1038",2023-05-03,7313811.84285715
"1039",2023-05-04,5837717.14285715
"1040",2023-05-05,10089663.3028571
"1041",2023-05-06,1971448.96285714
"1042",2023-05-07,199611.382857143
"1043",2023-05-08,5942669.70285715
"1044",2023-05-09,4801187.70285715
"1045",2023-05-10,5042801.90285714
"1046",2023-05-11,5257274.92285714
"1047",2023-05-12,9532275.46285713
"1048",2023-05-13,2117483.38285714
"1049",2023-05-14,178124.742857143
"1050",2023-05-15,6250610.76285714
"1051",2023-05-16,5460096.14285714
"1052",2023-05-17,5492335.96285714
"1053",2023-05-18,5254803.46285714
"1054",2023-05-19,10405070.4228571
"1055",2023-05-20,2542196.08285714
"1056",2023-05-21,346486.622857143
"1057",2023-05-22,5236330.24285714
"1058",2023-05-23,5282764.38285714
"1059",2023-05-24,4874730.04285715
"1060",2023-05-25,4933331.08285714
"1061",2023-05-26,11216166.9428571
"1062",2023-05-27,1889125.78285714
"1063",2023-05-28,154629.722857143
"1064",2023-05-29,2071074.40285714
"1065",2023-05-30,5402779.96285715
"1066",2023-05-31,6367540.16285715
"1067",2023-06-01,7133555.06285714
"1068",2023-06-02,9212945.76285714
"1069",2023-06-03,2134005.34285714
"1070",2023-06-04,129750.222857143
"1071",2023-06-05,7313014.20285715
"1072",2023-06-06,5666623.36285714
"1073",2023-06-07,5783084.58285715
"1074",2023-06-08,5427345.30285714
"1075",2023-06-09,9911512.14285715
"1076",2023-06-10,2231228.34285714
"1077",2023-06-11,196970.942857143
"1078",2023-06-12,5152849.36285715
"1079",2023-06-13,4672282.14285714
"1080",2023-06-14,4661485.10285714
"1081",2023-06-15,7011787.46285715
"1082",2023-06-16,12281293.7828572
"1083",2023-06-17,2150169.28285714
"1084",2023-06-18,170862.682857143
"1085",2023-06-19,2977621.16285714
"1086",2023-06-20,6555977.00285715
"1087",2023-06-21,6544163.36285715
